timestamp,phone_number,call_type,duration_seconds,rsrp,cell_id,radio_type
2026-09-10 09:15:00,9876543210,INCOMING,120,-72,CELL001,4G
2026-09-10 10:30:00,9123456780,OUTGOING,240,-85,CELL002,4G
2026-09-10 12:45:00,9876543210,MISSED,0,-91,CELL001,4G
2026-09-10 14:20:00,8987654321,INCOMING,60,-68,CELL003,5G
2026-09-11 08:10:00,9123456780,OUTGOING,300,-95,CELL002,4G
2026-09-11 11:35:00,9876543210,INCOMING,180,-78,CELL001,4G
2026-09-11 16:50:00,8765432109,MISSED,0,-105,CELL004,4G
2026-09-12 09:05:00,8987654321,OUTGOING,90,-65,CELL003,5G
2026-09-12 13:40:00,9123456780,INCOMING,150,-88,CELL002,4G
2026-09-12 18:25:00,9876543210,OUTGOING,420,-73,CELL001,4G
2026-09-13 10:15:00,8765432109,INCOMING,200,-112,CELL004,3G
2026-09-13 15:30:00,8987654321,MISSED,0,-70,CELL003,5G
2026-09-14 09:45:00,9123456780,INCOMING,110,-82,CELL002,4G
2026-09-14 12:10:00,9876543210,OUTGOING,360,-76,CELL001,4G
2026-09-14 19:00:00,8765432109,MISSED,0,-118,CELL004,3G
2026-09-15 08:30:00,8987654321,INCOMING,75,-63,CELL003,5G
2026-09-15 14:45:00,9876543210,INCOMING,250,-79,CELL001,4G
2026-09-15 17:20:00,9123456780,OUTGOING,180,-90,CELL002,4G
2026-09-16 09:10:00,8765432109,INCOMING,95,-108,CELL004,3G
2026-09-16 10:55:00,8987654321,OUTGOING,270,-67,CELL003,5G